{
  "tests": [
    {
      "name": "Test",
      "setup": "javac *.java",
      "run": "java -cp . Main",
      "input": "",
      "output": "=======================\r\n{ totalScore: 5824.0, gamesPlayed: 10000 }\r\n{ totalScore: 242.0, gamesPlayed: 485 }\r\n{ totalScore: 173.0, gamesPlayed: 478 }\r\n{ totalScore: 220.0, gamesPlayed: 471 }\r\n{ totalScore: 131.0, gamesPlayed: 429 }\r\n{ totalScore: 288.0, gamesPlayed: 486 }\r\n{ totalScore: 71.0, gamesPlayed: 438 }\r\n{ totalScore: 4343.0, gamesPlayed: 6362 }\r\n{ totalScore: 146.0, gamesPlayed: 418 }\r\n{ totalScore: 210.0, gamesPlayed: 433 }\r\n=======================\r\n{ totalScore: 5604.0, gamesPlayed: 10000 }\r\n{ totalScore: 3962.0, gamesPlayed: 6040 }\r\n{ totalScore: 153.0, gamesPlayed: 468 }\r\n{ totalScore: 200.0, gamesPlayed: 467 }\r\n{ totalScore: 156.0, gamesPlayed: 454 }\r\n{ totalScore: 333.0, gamesPlayed: 572 }\r\n{ totalScore: 150.0, gamesPlayed: 453 }\r\n{ totalScore: 284.0, gamesPlayed: 644 }\r\n{ totalScore: 176.0, gamesPlayed: 466 }\r\n{ totalScore: 190.0, gamesPlayed: 436 }\r\n=======================\r\n{ totalScore: 6175.0, gamesPlayed: 10000 }\r\n{ totalScore: 194.0, gamesPlayed: 423 }\r\n{ totalScore: 174.0, gamesPlayed: 426 }\r\n{ totalScore: 257.0, gamesPlayed: 502 }\r\n{ totalScore: 181.0, gamesPlayed: 472 }\r\n{ totalScore: 4669.0, gamesPlayed: 6362 }\r\n{ totalScore: 131.0, gamesPlayed: 440 }\r\n{ totalScore: 191.0, gamesPlayed: 466 }\r\n{ totalScore: 151.0, gamesPlayed: 432 }\r\n{ totalScore: 227.0, gamesPlayed: 477 }\r\n=======================\r\n{ totalScore: 5966.0, gamesPlayed: 10000 }\r\n{ totalScore: 198.0, gamesPlayed: 464 }\r\n{ totalScore: 134.0, gamesPlayed: 443 }\r\n{ totalScore: 196.0, gamesPlayed: 444 }\r\n{ totalScore: 124.0, gamesPlayed: 463 }\r\n{ totalScore: 4606.0, gamesPlayed: 6357 }\r\n{ totalScore: 115.0, gamesPlayed: 447 }\r\n{ totalScore: 210.0, gamesPlayed: 502 }\r\n{ totalScore: 163.0, gamesPlayed: 450 }\r\n{ totalScore: 220.0, gamesPlayed: 430 }\r\n=======================\r\n{ totalScore: 5587.0, gamesPlayed: 10000 }\r\n{ totalScore: 366.0, gamesPlayed: 723 }\r\n{ totalScore: 145.0, gamesPlayed: 471 }\r\n{ totalScore: 183.0, gamesPlayed: 499 }\r\n{ totalScore: 147.0, gamesPlayed: 451 }\r\n{ totalScore: 236.0, gamesPlayed: 525 }\r\n{ totalScore: 138.0, gamesPlayed: 442 }\r\n{ totalScore: 216.0, gamesPlayed: 442 }\r\n{ totalScore: 115.0, gamesPlayed: 429 }\r\n{ totalScore: 4041.0, gamesPlayed: 6018 }\r\n=======================\r\n",
      "comparison": "exact",
      "timeout": 10,
      "points": null
    }
  ]
}